z,y,x,conf,tile_z,tile_y,tile_x,local_z
351.000,539.059,1015.239,0.128140,0,1,1,351
352.000,537.389,1013.011,0.102646,0,1,1,352
398.000,969.636,1017.207,0.166033,0,1,1,398
268.000,823.171,1448.887,0.193621,0,1,2,268
268.000,822.618,1454.107,0.107872,0,1,2,268
269.000,825.081,1453.030,0.514591,0,1,2,269
269.000,825.445,1450.919,0.423401,0,1,2,269
269.000,826.433,1450.215,0.133128,0,1,2,269
270.000,826.294,1453.502,0.659591,0,1,2,270
270.000,826.833,1451.870,0.347512,0,1,2,270
270.000,825.665,1450.511,0.111091,0,1,2,270
271.000,825.884,1453.902,0.550017,0,1,2,271
272.000,823.617,1454.589,0.585531,0,1,2,272
272.000,826.797,1453.837,0.423265,0,1,2,272
273.000,822.495,1455.590,0.681527,0,1,2,273
273.000,819.559,1457.268,0.476447,0,1,2,273
273.000,826.661,1454.577,0.314737,0,1,2,273
273.000,816.889,1460.266,0.273980,0,1,2,273
274.000,821.345,1457.156,0.744332,0,1,2,274
274.000,815.164,1460.877,0.680633,0,1,2,274
274.000,819.767,1459.599,0.255203,0,1,2,274
274.000,826.440,1454.895,0.105971,0,1,2,274
275.000,811.838,1464.516,0.626892,0,1,2,275
275.000,809.046,1466.806,0.279344,0,1,2,275
276.000,810.026,1467.086,0.691063,0,1,2,276
276.000,806.331,1469.566,0.387798,0,1,2,276
276.000,811.561,1464.556,0.143889,0,1,2,276
277.000,809.820,1467.606,0.661488,0,1,2,277
277.000,805.464,1470.609,0.162439,0,1,2,277
278.000,807.937,1469.152,0.461839,0,1,2,278
278.000,809.475,1467.151,0.218800,0,1,2,278
156.000,968.101,1762.309,0.105053,0,1,3,156
157.000,964.898,1763.183,0.541023,0,1,3,157
157.000,965.836,1760.698,0.107295,0,1,3,157
158.000,960.887,1762.298,0.788565,0,1,3,158
158.000,965.619,1761.065,0.106519,0,1,3,158
159.000,957.682,1760.299,0.793544,0,1,3,159
159.000,954.269,1761.553,0.207975,0,1,3,159
160.000,955.990,1759.825,0.760630,0,1,3,160
161.000,954.819,1760.540,0.699932,0,1,3,161
162.000,954.817,1761.867,0.693418,0,1,3,162
162.000,960.543,1763.577,0.131555,0,1,3,162
163.000,954.287,1763.439,0.741711,0,1,3,163
163.000,957.091,1763.360,0.593819,0,1,3,163
163.000,961.410,1764.650,0.182336,0,1,3,163
164.000,960.156,1764.905,0.687633,0,1,3,164
164.000,951.695,1765.946,0.631139,0,1,3,164
164.000,949.203,1765.135,0.193405,0,1,3,164
165.000,962.362,1765.884,0.690779,0,1,3,165
165.000,958.204,1767.050,0.561014,0,1,3,165
166.000,954.285,1765.570,0.698282,0,1,3,166
166.000,958.642,1765.343,0.644639,0,1,3,166
166.000,963.475,1764.289,0.241087,0,1,3,166
166.000,956.674,1766.813,0.170613,0,1,3,166
167.000,951.106,1766.049,0.643635,0,1,3,167
167.000,953.682,1766.132,0.410563,0,1,3,167
167.000,953.137,1769.142,0.121075,0,1,3,167
168.000,949.049,1766.560,0.409705,0,1,3,168
168.000,949.571,1771.140,0.131686,0,1,3,168
182.000,1014.777,1922.031,0.202520,0,1,3,182
283.000,911.775,1728.113,0.462356,0,1,3,283
283.000,910.526,1727.641,0.150112,0,1,3,283
284.000,912.125,1728.651,0.651803,0,1,3,284
284.000,911.117,1728.124,0.471731,0,1,3,284
284.000,913.426,1729.621,0.151788,0,1,3,284
285.000,912.192,1729.422,0.765501,0,1,3,285
286.000,911.371,1729.487,0.742034,0,1,3,286
287.000,910.871,1731.648,0.647293,0,1,3,287
287.000,911.181,1730.059,0.136007,0,1,3,287
288.000,902.405,1736.221,0.449553,0,1,3,288
288.000,909.746,1733.360,0.158673,0,1,3,288
288.000,905.991,1734.461,0.149616,0,1,3,288
288.000,901.446,1739.230,0.113838,0,1,3,288
289.000,900.025,1740.656,0.532427,0,1,3,289
289.000,902.009,1736.542,0.240447,0,1,3,289
290.000,898.064,1741.965,0.741823,0,1,3,290
290.000,900.864,1738.304,0.301345,0,1,3,290
291.000,896.956,1741.749,0.710993,0,1,3,291
291.000,899.325,1739.263,0.202198,0,1,3,291
292.000,895.335,1742.201,0.711785,0,1,3,292
292.000,898.020,1738.923,0.158134,0,1,3,292
293.000,894.642,1744.037,0.783653,0,1,3,293
293.000,897.317,1740.391,0.224396,0,1,3,293
293.000,898.486,1737.733,0.111845,0,1,3,293
294.000,893.421,1743.782,0.770849,0,1,3,294
294.000,895.781,1741.828,0.395004,0,1,3,294
294.000,894.492,1745.077,0.335823,0,1,3,294
114.000,992.387,2064.764,0.119277,0,1,4,114
119.000,997.268,2068.953,0.111013,0,1,4,119
120.000,996.462,2068.819,0.118863,0,1,4,120
121.000,995.794,2068.313,0.172197,0,1,4,121
122.000,995.398,2067.434,0.129821,0,1,4,122
15.000,997.854,2615.719,0.119270,0,1,5,15
16.000,997.922,2615.378,0.107345,0,1,5,16
258.000,1475.661,208.605,0.114013,0,2,0,258
259.000,1475.904,208.636,0.381829,0,2,0,259
290.000,1524.054,116.668,0.190689,0,2,0,290
291.000,1523.094,115.753,0.357316,0,2,0,291
292.000,1521.837,115.621,0.150746,0,2,0,292
282.000,1486.993,697.384,0.209239,0,2,1,282
283.000,1486.988,697.399,0.355207,0,2,1,283
283.000,1489.401,699.881,0.103460,0,2,1,283
147.000,1082.513,1886.126,0.231495,0,2,3,147
148.000,1082.133,1886.205,0.616886,0,2,3,148
149.000,1081.963,1886.524,0.478101,0,2,3,149
149.000,1081.271,1886.161,0.405777,0,2,3,149
150.000,1080.942,1886.608,0.502881,0,2,3,150
150.000,1081.885,1886.904,0.192990,0,2,3,150
151.000,1080.759,1887.157,0.581765,0,2,3,151
151.000,1080.838,1888.145,0.106835,0,2,3,151
152.000,1079.808,1887.698,0.484428,0,2,3,152
153.000,1078.864,1887.942,0.533057,0,2,3,153
154.000,1078.642,1888.057,0.598963,0,2,3,154
155.000,1078.639,1888.221,0.633757,0,2,3,155
156.000,1078.419,1888.672,0.676489,0,2,3,156
157.000,1077.775,1889.536,0.740317,0,2,3,157
158.000,1077.395,1890.013,0.761102,0,2,3,158
159.000,1076.393,1890.609,0.736720,0,2,3,159
160.000,1074.825,1891.894,0.718754,0,2,3,160
161.000,1072.901,1893.209,0.707062,0,2,3,161
162.000,1071.821,1893.784,0.729331,0,2,3,162
163.000,1071.050,1894.931,0.727203,0,2,3,163
164.000,1070.982,1895.446,0.771062,0,2,3,164
165.000,1071.746,1895.917,0.573178,0,2,3,165
166.000,1073.597,1896.623,0.185386,0,2,3,166
193.000,1145.114,1994.698,0.197689,0,2,3,193
194.000,1145.606,1995.035,0.569434,0,2,3,194
194.000,1146.226,1994.949,0.129426,0,2,3,194
195.000,1146.404,1994.944,0.683060,0,2,3,195
196.000,1146.805,1994.946,0.694231,0,2,3,196
196.000,1147.986,1993.457,0.301368,0,2,3,196
197.000,1146.977,1994.840,0.704360,0,2,3,197
197.000,1147.069,1993.952,0.415637,0,2,3,197
198.000,1146.052,1994.472,0.671212,0,2,3,198
199.000,1145.594,1994.844,0.705781,0,2,3,199
200.000,1144.202,1996.286,0.675881,0,2,3,200
201.000,1143.760,1996.929,0.715383,0,2,3,201
202.000,1144.131,1997.998,0.655849,0,2,3,202
202.000,1148.318,1996.688,0.184126,0,2,3,202
203.000,1136.774,2001.053,0.423740,0,2,3,203
204.000,1135.722,2002.528,0.228245,0,2,3,204
207.000,1348.599,1788.925,0.767588,0,2,3,207
208.000,1348.888,1788.564,0.847438,0,2,3,208
209.000,1348.663,1788.293,0.814585,0,2,3,209
209.000,1127.827,2010.918,0.108008,0,2,3,209
210.000,1347.853,1788.686,0.779298,0,2,3,210
210.000,1127.426,2011.033,0.104131,0,2,3,210
211.000,1346.911,1789.479,0.748482,0,2,3,211
212.000,1346.197,1789.875,0.720749,0,2,3,212
213.000,1344.288,1791.467,0.618048,0,2,3,213
214.000,1342.129,1792.434,0.620450,0,2,3,214
214.000,1181.794,1729.820,0.345007,0,2,3,214
215.000,1181.681,1729.996,0.310481,0,2,3,215
216.000,1362.810,1766.284,0.335154,0,2,3,216
217.000,1362.402,1765.597,0.334066,0,2,3,217
220.000,1184.230,1732.202,0.661892,0,2,3,220
221.000,1184.501,1732.182,0.752262,0,2,3,221
222.000,1184.268,1732.424,0.707598,0,2,3,222
223.000,1183.423,1732.150,0.770822,0,2,3,223
224.000,1182.810,1731.788,0.756132,0,2,3,224
225.000,1182.746,1732.347,0.773406,0,2,3,225
226.000,1182.818,1733.226,0.740356,0,2,3,226
227.000,1182.171,1733.830,0.627605,0,2,3,227
228.000,1181.505,1734.152,0.566619,0,2,3,228
229.000,1180.816,1734.853,0.509924,0,2,3,229
230.000,1180.357,1735.220,0.738368,0,2,3,230
230.000,1180.066,1734.433,0.107022,0,2,3,230
231.000,1179.701,1735.435,0.758384,0,2,3,231
232.000,1178.895,1735.546,0.776231,0,2,3,232
233.000,1177.805,1735.706,0.681798,0,2,3,233
234.000,1176.423,1736.323,0.747516,0,2,3,234
234.000,1177.051,1735.806,0.156965,0,2,3,234
235.000,1175.436,1736.613,0.828242,0,2,3,235
236.000,1174.223,1737.351,0.828731,0,2,3,236
237.000,1172.579,1738.185,0.824480,0,2,3,237
238.000,1171.844,1738.557,0.732332,0,2,3,238
239.000,1171.209,1738.785,0.680418,0,2,3,239
240.000,1170.275,1739.409,0.748503,0,2,3,240
241.000,1169.102,1739.863,0.650969,0,2,3,241
242.000,1171.328,1740.129,0.188800,0,2,3,242
242.000,1169.480,1739.659,0.151041,0,2,3,242
245.000,1208.603,2043.604,0.139995,0,2,3,245
246.000,1207.160,2043.995,0.141859,0,2,3,246
282.000,1513.631,1806.686,0.110437,0,2,3,282
192.000,1214.757,2116.664,0.111816,0,2,4,192
193.000,1214.366,2116.773,0.589768,0,2,4,193
193.000,1214.617,2118.166,0.250322,0,2,4,193
194.000,1214.070,2117.157,0.765288,0,2,4,194
195.000,1213.804,2117.827,0.778865,0,2,4,195
196.000,1213.360,2118.120,0.662425,0,2,4,196
197.000,1212.920,2118.853,0.391948,0,2,4,197
197.000,1213.407,2117.811,0.342956,0,2,4,197
207.000,1299.641,2079.094,0.125716,0,2,4,207
208.000,1299.003,2080.205,0.422596,0,2,4,208
208.000,1299.181,2078.447,0.213513,0,2,4,208
209.000,1298.757,2081.347,0.731472,0,2,4,209
210.000,1298.897,2082.766,0.800965,0,2,4,210
211.000,1298.586,2085.113,0.786231,0,2,4,211
212.000,1297.338,2086.820,0.757036,0,2,4,212
212.000,1212.986,2064.851,0.180785,0,2,4,212
213.000,1296.160,2088.203,0.794681,0,2,4,213
213.000,1213.042,2065.658,0.622265,0,2,4,213
214.000,1213.146,2066.061,0.810581,0,2,4,214
214.000,1291.523,2090.950,0.289463,0,2,4,214
215.000,1213.163,2066.185,0.818032,0,2,4,215
216.000,1213.190,2066.104,0.763353,0,2,4,216
217.000,1212.802,2066.666,0.615815,0,2,4,217
218.000,1211.801,2067.695,0.487539,0,2,4,218
219.000,1210.598,2068.124,0.104014,0,2,4,219
230.000,1330.634,2125.716,0.117728,0,2,4,230
231.000,1331.822,2125.527,0.162765,0,2,4,231
231.000,1330.909,2125.549,0.156313,0,2,4,231
232.000,1332.181,2125.810,0.568900,0,2,4,232
233.000,1332.799,2126.349,0.782656,0,2,4,233
234.000,1333.191,2127.047,0.798638,0,2,4,234
235.000,1332.677,2127.837,0.723729,0,2,4,235
235.000,1331.185,2129.479,0.264412,0,2,4,235
236.000,1329.491,2129.827,0.551851,0,2,4,236
236.000,1331.245,2128.656,0.508766,0,2,4,236
236.000,1326.907,2129.947,0.224618,0,2,4,236
237.000,1328.273,2130.474,0.638670,0,2,4,237
237.000,1330.120,2129.174,0.391363,0,2,4,237
238.000,1327.525,2130.903,0.633488,0,2,4,238
238.000,1329.309,2129.399,0.316529,0,2,4,238
238.000,1183.147,2155.407,0.232841,0,2,4,238
238.000,1184.007,2156.060,0.205807,0,2,4,238
238.000,1185.367,2157.187,0.153799,0,2,4,238
239.000,1185.068,2157.346,0.583754,0,2,4,239
239.000,1327.510,2130.629,0.547589,0,2,4,239
239.000,1184.370,2156.581,0.497632,0,2,4,239
239.000,1329.149,2128.468,0.317421,0,2,4,239
240.000,1186.055,2158.077,0.780215,0,2,4,240
240.000,1328.511,2128.887,0.232588,0,2,4,240
240.000,1326.359,2131.194,0.226752,0,2,4,240
240.000,1322.768,2133.899,0.134542,0,2,4,240
240.000,1330.883,2126.333,0.117492,0,2,4,240
241.000,1186.909,2158.752,0.744009,0,2,4,241
242.000,1186.969,2159.222,0.594152,0,2,4,242
242.000,1212.968,2049.870,0.170575,0,2,4,242
243.000,1212.590,2050.696,0.558196,0,2,4,243
243.000,1187.173,2160.062,0.503236,0,2,4,243
244.000,1211.918,2051.478,0.741401,0,2,4,244
244.000,1186.526,2160.399,0.559374,0,2,4,244
245.000,1211.778,2051.867,0.784076,0,2,4,245
245.000,1186.112,2161.453,0.571148,0,2,4,245
245.000,1208.198,2071.478,0.144151,0,2,4,245
246.000,1184.608,2161.943,0.741907,0,2,4,246
246.000,1211.343,2052.248,0.716783,0,2,4,246
247.000,1182.662,2162.938,0.647825,0,2,4,247
247.000,1210.252,2052.736,0.609113,0,2,4,247
248.000,1181.155,2163.998,0.631651,0,2,4,248
248.000,1209.110,2053.353,0.544685,0,2,4,248
248.000,1181.885,2164.018,0.329802,0,2,4,248
249.000,1207.976,2053.467,0.370241,0,2,4,249
249.000,1179.416,2164.411,0.341289,0,2,4,249
249.000,1180.225,2163.590,0.115254,0,2,4,249
266.000,1303.078,2197.179,0.514340,0,2,4,266
267.000,1302.818,2197.086,0.745218,0,2,4,267
268.000,1302.300,2197.375,0.756776,0,2,4,268
269.000,1301.212,2198.644,0.754535,0,2,4,269
270.000,1299.975,2200.266,0.700892,0,2,4,270
271.000,1297.958,2202.236,0.748137,0,2,4,271
272.000,1295.328,2205.319,0.489749,0,2,4,272
289.000,1255.578,2064.026,0.241117,0,2,4,289
305.000,1476.723,2171.280,0.368015,0,2,4,305
306.000,1476.262,2172.700,0.202794,0,2,4,306
306.000,1402.285,2104.257,0.102262,0,2,4,306
307.000,1476.405,2173.178,0.237387,0,2,4,307
308.000,1476.520,2172.147,0.184696,0,2,4,308
309.000,1476.077,2172.114,0.319369,0,2,4,309
309.000,1400.009,2105.048,0.160447,0,2,4,309
310.000,1475.927,2171.805,0.540767,0,2,4,310
310.000,1399.815,2105.272,0.475923,0,2,4,310
311.000,1400.129,2105.141,0.612985,0,2,4,311
312.000,1399.916,2105.755,0.438015,0,2,4,312
312.000,1401.231,2105.013,0.114255,0,2,4,312
317.000,1538.605,1520.785,0.199249,0,3,2,317
367.000,1665.192,1188.953,0.124435,0,3,2,367
367.000,1879.792,1444.839,0.111048,0,3,2,367
371.000,1662.197,1096.712,0.378697,0,3,2,371
165.000,1553.877,2019.371,0.156251,0,3,3,165
279.000,1722.790,2039.167,0.105667,0,3,3,279
298.000,1705.043,2044.914,0.100260,0,3,3,298
299.000,1705.450,2045.199,0.117902,0,3,3,299
300.000,1705.819,2045.480,0.317833,0,3,3,300
301.000,1705.565,2045.682,0.228816,0,3,3,301
330.000,1704.438,2039.257,0.116700,0,3,3,330
168.000,1947.629,2321.743,0.231755,0,3,4,168
169.000,1948.654,2321.684,0.774568,0,3,4,169
170.000,1948.502,2321.972,0.677103,0,3,4,170
171.000,1948.869,2322.499,0.666465,0,3,4,171
172.000,1949.546,2322.758,0.733907,0,3,4,172
173.000,1950.303,2322.679,0.811823,0,3,4,173
174.000,1951.105,2322.460,0.213395,0,3,4,174
188.000,1727.940,2320.347,0.511764,0,3,4,188
188.000,1728.784,2320.370,0.318881,0,3,4,188
189.000,1730.024,2320.496,0.749156,0,3,4,189
190.000,1730.208,2320.588,0.756866,0,3,4,190
191.000,1729.653,2321.226,0.744230,0,3,4,191
192.000,1728.659,2322.428,0.545970,0,3,4,192
192.000,1727.742,2323.407,0.374991,0,3,4,192
193.000,1726.960,2325.278,0.180279,0,3,4,193
218.000,1883.814,2326.645,0.155119,0,3,4,218
269.000,1602.884,2221.212,0.148493,0,3,4,269
269.000,1602.537,2220.403,0.135238,0,3,4,269
270.000,1601.175,2221.106,0.499228,0,3,4,270
271.000,1599.939,2221.386,0.680405,0,3,4,271
272.000,1599.417,2221.993,0.678560,0,3,4,272
273.000,1599.080,2222.005,0.730071,0,3,4,273
274.000,1598.879,2222.347,0.719384,0,3,4,274
275.000,1598.076,2223.851,0.760762,0,3,4,275
276.000,1596.624,2225.369,0.698117,0,3,4,276
312.000,1643.642,2216.280,0.797627,0,3,4,312
313.000,1643.716,2216.628,0.796927,0,3,4,313
314.000,1643.793,2217.074,0.825795,0,3,4,314
315.000,1644.170,2217.488,0.778208,0,3,4,315
316.000,1644.041,2217.947,0.712784,0,3,4,316
317.000,1642.782,2219.566,0.625070,0,3,4,317
318.000,1641.282,2221.037,0.633348,0,3,4,318
319.000,1639.803,2223.852,0.142134,0,3,4,319
319.000,1646.166,2215.893,0.131778,0,3,4,319
319.000,1646.467,2214.125,0.107883,0,3,4,319
327.000,1863.894,2270.226,0.647114,0,3,4,327
328.000,1863.827,2271.459,0.761412,0,3,4,328
328.000,1864.301,2272.057,0.236355,0,3,4,328
329.000,1863.084,2273.675,0.721140,0,3,4,329
329.000,1862.681,2273.707,0.154023,0,3,4,329
330.000,1862.219,2273.948,0.510808,0,3,4,330
331.000,1861.127,2274.516,0.587951,0,3,4,331
331.000,1861.708,2272.531,0.174457,0,3,4,331
332.000,1861.243,2271.481,0.180543,0,3,4,332
332.000,1860.229,2274.608,0.172670,0,3,4,332
290.000,2551.397,918.489,0.174098,0,4,1,290
291.000,2550.361,918.485,0.119075,0,4,1,291
292.000,2549.490,918.977,0.110334,0,4,1,292
294.000,2547.406,900.035,0.281905,0,4,1,294
295.000,2547.175,899.752,0.178200,0,4,1,295
294.000,2557.242,1195.422,0.164991,0,4,2,294
295.000,2556.927,1195.526,0.105617,0,4,2,295
210.000,2313.461,2351.779,0.198284,0,4,4,210
211.000,2324.110,2329.201,0.675017,0,4,4,211
212.000,2324.688,2330.683,0.746019,0,4,4,212
213.000,2325.149,2332.147,0.802259,0,4,4,213
213.000,2311.757,2358.072,0.228566,0,4,4,213
214.000,2325.137,2333.526,0.787922,0,4,4,214
214.000,2312.478,2358.467,0.735684,0,4,4,214
215.000,2312.662,2359.274,0.741704,0,4,4,215
215.000,2325.220,2335.075,0.693431,0,4,4,215
215.000,2332.062,2356.264,0.163021,0,4,4,215
216.000,2312.706,2359.805,0.747803,0,4,4,216
216.000,2325.081,2335.310,0.709713,0,4,4,216
216.000,2312.315,2360.852,0.163505,0,4,4,216
217.000,2325.089,2335.330,0.338246,0,4,4,217
217.000,2312.936,2360.494,0.327752,0,4,4,217
217.000,2324.537,2337.433,0.293601,0,4,4,217
217.000,2312.435,2361.919,0.144574,0,4,4,217
225.000,2330.192,2362.314,0.116985,0,4,4,225
226.000,2329.903,2362.679,0.323843,0,4,4,226
245.000,2524.509,2363.059,0.533684,0,4,4,245
245.000,2527.233,2340.063,0.349284,0,4,4,245
245.000,2522.091,2341.624,0.110226,0,4,4,245
246.000,2524.373,2363.330,0.734254,0,4,4,246
246.000,2527.510,2339.623,0.195057,0,4,4,246
247.000,2524.397,2363.896,0.797755,0,4,4,247
247.000,2520.219,2313.106,0.121622,0,4,4,247
248.000,2524.802,2364.294,0.796495,0,4,4,248
248.000,2519.992,2313.468,0.253081,0,4,4,248
249.000,2524.880,2364.723,0.719901,0,4,4,249
249.000,2520.885,2314.419,0.309746,0,4,4,249
250.000,2521.080,2315.256,0.703394,0,4,4,250
250.000,2524.663,2365.532,0.690524,0,4,4,250
251.000,2520.505,2315.956,0.786129,0,4,4,251
251.000,2524.281,2365.181,0.707647,0,4,4,251
251.000,2524.113,2366.794,0.466358,0,4,4,251
252.000,2520.152,2316.236,0.804243,0,4,4,252
252.000,2523.923,2364.046,0.728745,0,4,4,252
252.000,2523.656,2365.786,0.173232,0,4,4,252
253.000,2519.779,2316.743,0.828218,0,4,4,253
253.000,2522.354,2362.349,0.494828,0,4,4,253
254.000,2519.554,2317.474,0.696829,0,4,4,254
255.000,2519.906,2318.657,0.766797,0,4,4,255
256.000,2519.676,2319.366,0.635283,0,4,4,256
256.000,2373.565,2359.245,0.630965,0,4,4,256
256.000,2097.147,2227.705,0.315495,0,4,4,256
256.000,2520.123,2317.853,0.162095,0,4,4,256
256.000,2519.127,2321.573,0.128254,0,4,4,256
257.000,2373.845,2359.515,0.779862,0,4,4,257
257.000,2099.050,2228.052,0.539794,0,4,4,257
257.000,2519.561,2319.386,0.382057,0,4,4,257
258.000,2373.474,2359.524,0.801186,0,4,4,258
258.000,2098.578,2227.659,0.635138,0,4,4,258
259.000,2372.965,2359.373,0.822955,0,4,4,259
259.000,2097.759,2227.058,0.684527,0,4,4,259
260.000,2097.253,2227.010,0.694747,0,4,4,260
260.000,2372.597,2359.665,0.673752,0,4,4,260
261.000,2097.472,2227.238,0.703919,0,4,4,261
261.000,2371.825,2359.968,0.133699,0,4,4,261
262.000,2097.146,2228.286,0.731835,0,4,4,262
262.000,2095.086,2227.023,0.408700,0,4,4,262
262.000,2100.094,2229.230,0.228099,0,4,4,262
263.000,2097.653,2228.846,0.569464,0,4,4,263
263.000,2095.327,2227.508,0.148604,0,4,4,263
263.000,2093.757,2226.662,0.106706,0,4,4,263
268.000,2549.289,2315.855,0.240266,0,4,4,268
269.000,2548.881,2315.113,0.228869,0,4,4,269
271.000,2546.002,2315.936,0.145652,0,4,4,271
272.000,2545.640,2315.278,0.230543,0,4,4,272
272.000,2544.488,2316.431,0.115017,0,4,4,272
273.000,2544.043,2316.094,0.334941,0,4,4,273
273.000,2539.456,2316.127,0.150214,0,4,4,273
274.000,2541.679,2316.278,0.262322,0,4,4,274
274.000,2539.462,2316.189,0.133820,0,4,4,274
275.000,2541.202,2316.282,0.158433,0,4,4,275
276.000,2541.508,2317.037,0.228506,0,4,4,276
277.000,2541.362,2317.401,0.223450,0,4,4,277
278.000,2541.199,2317.960,0.147113,0,4,4,278
279.000,2540.856,2318.289,0.368091,0,4,4,279
280.000,2540.466,2319.036,0.643312,0,4,4,280
281.000,2539.695,2317.192,0.428691,0,4,4,281
281.000,2540.163,2319.493,0.185037,0,4,4,281
303.000,2317.278,2270.572,0.104429,0,4,4,303
304.000,2149.130,2242.133,0.568981,0,4,4,304
305.000,2147.829,2241.877,0.850620,0,4,4,305
306.000,2146.875,2243.475,0.760561,0,4,4,306
306.000,2148.403,2242.760,0.269354,0,4,4,306
307.000,2148.544,2243.451,0.693037,0,4,4,307
307.000,2146.561,2245.099,0.398391,0,4,4,307
307.000,2147.798,2247.514,0.130105,0,4,4,307
308.000,2148.176,2244.138,0.730695,0,4,4,308
308.000,2146.814,2245.150,0.382403,0,4,4,308
308.000,2149.568,2243.555,0.375926,0,4,4,308
308.000,2147.304,2246.712,0.159904,0,4,4,308
309.000,2146.913,2246.131,0.619129,0,4,4,309
309.000,2148.589,2242.181,0.448763,0,4,4,309
309.000,2147.949,2242.481,0.329049,0,4,4,309
309.000,2146.842,2245.861,0.134701,0,4,4,309
310.000,2148.035,2243.602,0.536909,0,4,4,310
310.000,2148.521,2241.636,0.363236,0,4,4,310
310.000,2150.920,2240.034,0.297317,0,4,4,310
310.000,2145.930,2245.517,0.184589,0,4,4,310
332.000,2056.829,2285.001,0.118746,0,4,4,332
339.000,2377.766,2300.860,0.763327,0,4,4,339
340.000,2377.766,2302.200,0.802101,0,4,4,340
341.000,2377.238,2304.431,0.629230,0,4,4,341
342.000,2376.233,2305.912,0.646094,0,4,4,342
343.000,2375.218,2307.386,0.728288,0,4,4,343
344.000,2374.580,2307.684,0.403008,0,4,4,344
345.000,2472.402,2258.217,0.580573,0,4,4,345
345.000,2471.813,2259.136,0.249830,0,4,4,345
346.000,2471.473,2258.687,0.647372,0,4,4,346
346.000,2487.881,2346.452,0.578790,0,4,4,346
346.000,2470.849,2258.939,0.313322,0,4,4,346
347.000,2487.089,2346.536,0.585391,0,4,4,347
347.000,2471.117,2258.792,0.582985,0,4,4,347
347.000,2469.686,2259.214,0.438327,0,4,4,347
348.000,2486.401,2347.168,0.741742,0,4,4,348
348.000,2471.331,2258.479,0.534741,0,4,4,348
348.000,2469.215,2259.759,0.350016,0,4,4,348
348.000,2466.911,2260.624,0.178917,0,4,4,348
349.000,2486.041,2347.139,0.752227,0,4,4,349
349.000,2471.786,2257.820,0.543907,0,4,4,349
349.000,2466.987,2260.799,0.440084,0,4,4,349
349.000,2469.259,2259.528,0.403786,0,4,4,349
349.000,2470.896,2258.755,0.128446,0,4,4,349
350.000,2472.339,2257.261,0.641276,0,4,4,350
350.000,2485.578,2347.453,0.638164,0,4,4,350
350.000,2467.485,2260.588,0.391045,0,4,4,350
350.000,2471.146,2258.449,0.217730,0,4,4,350
351.000,2485.220,2346.890,0.697256,0,4,4,351
351.000,2472.271,2256.917,0.673061,0,4,4,351
351.000,2290.755,2268.861,0.279401,0,4,4,351
352.000,2485.454,2345.501,0.486904,0,4,4,352
352.000,2471.632,2256.504,0.181359,0,4,4,352
352.000,2290.287,2268.240,0.109486,0,4,4,352
354.000,2455.452,2286.034,0.371495,0,4,4,354
355.000,2454.566,2286.751,0.339779,0,4,4,355
312.000,3045.737,390.175,0.100418,0,5,0,312
313.000,3044.976,391.674,0.187440,0,5,0,313
264.000,2574.367,550.698,0.106975,0,5,1,264
265.000,2574.326,551.744,0.139753,0,5,1,265
294.000,2904.717,682.104,0.108104,0,5,1,294
248.000,3069.217,1377.747,0.153841,0,5,2,248
249.000,3069.027,1375.994,0.119106,0,5,2,249
246.000,2599.759,2004.596,0.184880,0,5,3,246
247.000,2601.276,2005.664,0.441042,0,5,3,247
248.000,2602.564,2006.661,0.232625,0,5,3,248
97.000,2701.952,2438.595,0.467651,0,5,4,97
98.000,2702.620,2439.052,0.707166,0,5,4,98
99.000,2702.534,2439.335,0.725180,0,5,4,99
100.000,2702.528,2439.755,0.702557,0,5,4,100
101.000,2702.693,2440.401,0.792766,0,5,4,101
102.000,2702.498,2441.677,0.687838,0,5,4,102
103.000,2702.287,2442.496,0.612877,0,5,4,103
104.000,2702.331,2442.484,0.543449,0,5,4,104
105.000,2701.484,2444.868,0.203292,0,5,4,105
117.000,2699.752,2368.494,0.508813,0,5,4,117
118.000,2699.421,2368.697,0.741121,0,5,4,118
118.000,2699.233,2367.992,0.288422,0,5,4,118
119.000,2698.875,2368.991,0.796902,0,5,4,119
120.000,2698.879,2369.310,0.791294,0,5,4,120
121.000,2699.073,2369.555,0.789565,0,5,4,121
122.000,2698.964,2369.586,0.759678,0,5,4,122
123.000,2698.448,2369.075,0.680996,0,5,4,123
124.000,2697.660,2368.993,0.445125,0,5,4,124
151.000,2636.659,2326.937,0.156202,0,5,4,151
152.000,2636.320,2327.131,0.330178,0,5,4,152
153.000,2635.736,2327.225,0.603451,0,5,4,153
154.000,2635.192,2327.263,0.559125,0,5,4,154
155.000,2634.349,2327.389,0.616449,0,5,4,155
155.000,2578.357,2336.440,0.218871,0,5,4,155
155.000,2635.292,2329.069,0.128755,0,5,4,155
155.000,2578.954,2334.931,0.121435,0,5,4,155
155.000,2571.984,2334.771,0.119839,0,5,4,155
156.000,2633.547,2327.065,0.719823,0,5,4,156
156.000,2581.591,2337.871,0.433285,0,5,4,156
156.000,2580.221,2336.058,0.283792,0,5,4,156
156.000,2577.952,2335.078,0.266314,0,5,4,156
156.000,2588.852,2338.732,0.167114,0,5,4,156
156.000,2634.199,2328.395,0.116027,0,5,4,156
157.000,2632.760,2327.047,0.768603,0,5,4,157
157.000,2583.260,2338.179,0.618647,0,5,4,157
157.000,2579.695,2337.197,0.582039,0,5,4,157
157.000,2588.073,2338.660,0.388106,0,5,4,157
157.000,2576.765,2334.983,0.126278,0,5,4,157
158.000,2632.019,2327.262,0.756154,0,5,4,158
158.000,2580.173,2337.599,0.711982,0,5,4,158
158.000,2578.354,2334.708,0.459486,0,5,4,158
158.000,2583.542,2338.153,0.267019,0,5,4,158
159.000,2578.607,2336.920,0.714049,0,5,4,159
159.000,2631.139,2327.545,0.680650,0,5,4,159
160.000,2578.436,2337.020,0.725484,0,5,4,160
160.000,2630.423,2327.966,0.644186,0,5,4,160
160.000,2629.004,2331.587,0.115151,0,5,4,160
161.000,2578.674,2337.927,0.717093,0,5,4,161
161.000,2628.425,2330.489,0.602337,0,5,4,161
161.000,2627.567,2332.766,0.594036,0,5,4,161
161.000,2576.201,2338.553,0.294745,0,5,4,161
161.000,2629.188,2328.521,0.258415,0,5,4,161
161.000,2581.322,2338.399,0.165236,0,5,4,161
162.000,2626.324,2334.007,0.743269,0,5,4,162
162.000,2578.628,2337.790,0.679899,0,5,4,162
162.000,2582.796,2337.770,0.179743,0,5,4,162
162.000,2575.709,2339.012,0.167681,0,5,4,162
163.000,2625.564,2334.518,0.722833,0,5,4,163
163.000,2582.254,2337.653,0.700875,0,5,4,163
163.000,2579.250,2337.594,0.500685,0,5,4,163
164.000,2582.880,2337.368,0.741081,0,5,4,164
164.000,2625.001,2334.452,0.626032,0,5,4,164
164.000,2580.077,2337.681,0.115181,0,5,4,164
165.000,2582.722,2336.648,0.743323,0,5,4,165
165.000,2624.472,2335.324,0.625532,0,5,4,165
165.000,2625.000,2331.704,0.239558,0,5,4,165
166.000,2623.400,2337.893,0.673805,0,5,4,166
166.000,2583.237,2335.138,0.499998,0,5,4,166
166.000,2623.891,2331.852,0.192132,0,5,4,166
167.000,2623.448,2338.046,0.696368,0,5,4,167
167.000,2623.509,2331.545,0.151907,0,5,4,167
168.000,2623.060,2339.151,0.604565,0,5,4,168
168.000,2623.558,2336.503,0.128543,0,5,4,168
169.000,2622.259,2339.466,0.296980,0,5,4,169
169.000,2623.268,2341.895,0.102447,0,5,4,169
178.000,2657.980,2420.023,0.172659,0,5,4,178
179.000,2657.851,2419.826,0.742152,0,5,4,179
180.000,2658.372,2419.806,0.725662,0,5,4,180
181.000,2658.259,2419.176,0.716722,0,5,4,181
182.000,2658.152,2419.619,0.675351,0,5,4,182
183.000,2658.349,2419.262,0.647634,0,5,4,183
184.000,2658.531,2418.081,0.547528,0,5,4,184
185.000,2658.464,2416.575,0.522468,0,5,4,185
186.000,2659.010,2416.655,0.577534,0,5,4,186
186.000,2658.052,2415.482,0.181405,0,5,4,186
212.000,2781.907,2118.112,0.786590,0,5,4,212
212.000,2603.815,2313.267,0.743764,0,5,4,212
213.000,2781.632,2119.759,0.785477,0,5,4,213
213.000,2603.799,2313.613,0.704348,0,5,4,213
214.000,2782.045,2120.697,0.714207,0,5,4,214
214.000,2603.613,2313.764,0.388044,0,5,4,214
215.000,2782.163,2120.816,0.743752,0,5,4,215
215.000,2783.211,2123.085,0.109094,0,5,4,215
216.000,2781.900,2118.292,0.798496,0,5,4,216
216.000,2604.111,2313.699,0.333432,0,5,4,216
217.000,2782.160,2116.757,0.827015,0,5,4,217
217.000,2604.174,2313.354,0.147962,0,5,4,217
218.000,2783.101,2115.258,0.719612,0,5,4,218
219.000,2784.510,2114.664,0.773575,0,5,4,219
220.000,2786.447,2114.118,0.718747,0,5,4,220
221.000,2788.515,2113.475,0.229995,0,5,4,221
221.000,2773.643,2113.802,0.106145,0,5,4,221
249.000,2785.923,2117.412,0.132215,0,5,4,249
250.000,2786.147,2117.735,0.174375,0,5,4,250
250.000,2786.805,2118.952,0.117241,0,5,4,250
251.000,2786.045,2119.149,0.315686,0,5,4,251
251.000,2785.786,2118.093,0.115971,0,5,4,251
252.000,2786.688,2119.797,0.595078,0,5,4,252
252.000,2788.190,2125.452,0.119685,0,5,4,252
253.000,2786.978,2122.199,0.709521,0,5,4,253
253.000,2787.660,2124.106,0.182608,0,5,4,253
254.000,2787.204,2122.494,0.751912,0,5,4,254
254.000,2590.362,2275.606,0.334883,0,5,4,254
254.000,2591.733,2275.459,0.219540,0,5,4,254
255.000,2787.604,2122.312,0.757231,0,5,4,255
255.000,2590.213,2275.932,0.465377,0,5,4,255
255.000,2591.486,2275.492,0.246639,0,5,4,255
255.000,2787.747,2124.125,0.117109,0,5,4,255
256.000,2787.459,2122.785,0.719023,0,5,4,256
256.000,2589.834,2275.987,0.318388,0,5,4,256
256.000,2787.603,2124.685,0.259751,0,5,4,256
257.000,2787.331,2121.804,0.783243,0,5,4,257
257.000,2589.089,2275.268,0.403706,0,5,4,257
257.000,2589.070,2277.360,0.191283,0,5,4,257
258.000,2787.703,2120.383,0.790626,0,5,4,258
258.000,2588.522,2274.650,0.326017,0,5,4,258
259.000,2788.582,2119.638,0.781419,0,5,4,259
259.000,2587.592,2274.186,0.464915,0,5,4,259
260.000,2789.223,2119.276,0.669084,0,5,4,260
260.000,2587.615,2274.149,0.340487,0,5,4,260
261.000,2588.070,2273.319,0.445943,0,5,4,261
262.000,2588.183,2272.823,0.171217,0,5,4,262
262.000,2588.252,2271.546,0.103528,0,5,4,262
263.000,2587.867,2271.231,0.341407,0,5,4,263
263.000,2588.221,2272.226,0.141697,0,5,4,263
264.000,2586.312,2270.611,0.136704,0,5,4,264
264.000,2775.982,2119.474,0.124740,0,5,4,264
292.000,2708.653,2345.755,0.564472,0,5,4,292
292.000,2807.254,2472.950,0.172076,0,5,4,292
293.000,2709.241,2347.059,0.716018,0,5,4,293
293.000,2807.806,2473.916,0.545262,0,5,4,293
294.000,2808.674,2474.782,0.718336,0,5,4,294
294.000,2709.297,2348.303,0.392612,0,5,4,294
295.000,2808.724,2476.083,0.723360,0,5,4,295
295.000,2709.057,2349.758,0.571408,0,5,4,295
296.000,2809.021,2476.479,0.673347,0,5,4,296
296.000,2708.867,2349.815,0.568498,0,5,4,296
297.000,2709.172,2347.745,0.638351,0,5,4,297
297.000,2808.447,2476.108,0.604166,0,5,4,297
297.000,2708.717,2349.331,0.139674,0,5,4,297
298.000,2709.085,2346.702,0.647659,0,5,4,298
298.000,2807.186,2475.531,0.602751,0,5,4,298
299.000,2806.517,2473.927,0.699663,0,5,4,299
300.000,2806.420,2472.132,0.321706,0,5,4,300
313.000,2638.137,2315.666,0.717964,0,5,4,313
314.000,2638.452,2315.822,0.688879,0,5,4,314
315.000,2638.474,2317.423,0.563172,0,5,4,315
316.000,2638.183,2319.027,0.608884,0,5,4,316
317.000,2638.137,2319.472,0.676990,0,5,4,317
317.000,2638.869,2318.173,0.405173,0,5,4,317
318.000,2637.940,2317.780,0.582749,0,5,4,318
319.000,2638.398,2317.075,0.498428,0,5,4,319
319.000,2638.555,2317.643,0.486473,0,5,4,319
320.000,2639.144,2317.545,0.558661,0,5,4,320
320.000,2639.338,2316.783,0.276870,0,5,4,320
330.000,2597.047,2339.733,0.107447,0,5,4,330
331.000,2595.774,2339.546,0.310801,0,5,4,331
331.000,2592.493,2338.586,0.115960,0,5,4,331
332.000,2592.703,2338.833,0.282032,0,5,4,332
332.000,2590.676,2338.168,0.161493,0,5,4,332
337.000,3034.541,2289.197,0.149080,0,5,4,337
337.000,3033.319,2290.128,0.127801,0,5,4,337
340.000,2600.516,2343.335,0.177643,0,5,4,340
341.000,2600.643,2344.266,0.347701,0,5,4,341
341.000,3030.240,2320.035,0.162521,0,5,4,341
342.000,3030.515,2320.557,0.498887,0,5,4,342
342.000,2600.234,2345.452,0.224978,0,5,4,342
343.000,3030.646,2321.357,0.651813,0,5,4,343
344.000,3030.150,2321.934,0.366163,0,5,4,344
293.000,3309.161,641.388,0.136667,0,6,1,293
163.000,3554.301,1281.087,0.308257,0,6,2,163
266.000,3527.241,1112.112,0.123547,0,6,2,266
292.000,3301.473,1232.592,0.153077,0,6,2,292
307.000,3527.967,1044.759,0.169990,0,6,2,307
308.000,3528.382,1044.191,0.304569,0,6,2,308
214.000,3198.159,2203.149,0.434657,0,6,4,214
214.000,3458.394,2298.593,0.223966,0,6,4,214
215.000,3198.287,2203.340,0.787158,0,6,4,215
215.000,3458.226,2297.296,0.550582,0,6,4,215
215.000,3458.052,2298.084,0.327627,0,6,4,215
215.000,3459.189,2315.577,0.220631,0,6,4,215
216.000,3198.012,2203.501,0.806640,0,6,4,216
216.000,3459.163,2297.308,0.704360,0,6,4,216
216.000,3459.365,2315.731,0.275408,0,6,4,216
217.000,3197.642,2203.532,0.795565,0,6,4,217
217.000,3459.076,2298.094,0.732561,0,6,4,217
218.000,3197.484,2203.629,0.765646,0,6,4,218
218.000,3459.103,2298.628,0.691876,0,6,4,218
219.000,3198.068,2204.146,0.789188,0,6,4,219
219.000,3458.934,2299.018,0.716933,0,6,4,219
220.000,3197.711,2204.679,0.772545,0,6,4,220
220.000,3458.596,2299.284,0.660015,0,6,4,220
221.000,3458.476,2299.152,0.734191,0,6,4,221
221.000,3196.937,2205.894,0.206692,0,6,4,221
222.000,3458.728,2299.026,0.714446,0,6,4,222
222.000,3458.416,2297.957,0.236827,0,6,4,222
223.000,3458.871,2299.031,0.419441,0,6,4,223
319.000,3188.908,2137.148,0.416671,0,6,4,319
320.000,3188.521,2137.863,0.650629,0,6,4,320
321.000,3188.709,2137.392,0.682043,0,6,4,321
322.000,3189.533,2137.352,0.704294,0,6,4,322
323.000,3190.001,2137.318,0.738834,0,6,4,323
324.000,3191.031,2137.879,0.693842,0,6,4,324
325.000,3191.873,2138.534,0.606784,0,6,4,325
326.000,3193.385,2140.344,0.253016,0,6,4,326
327.000,3193.882,2142.024,0.180051,0,6,4,327
372.000,3145.548,2088.309,0.300704,0,6,4,372
373.000,3149.790,2088.746,0.661193,0,6,4,373
374.000,3150.036,2087.998,0.745442,0,6,4,374
374.000,3149.212,2087.784,0.360190,0,6,4,374
375.000,3150.008,2087.961,0.694738,0,6,4,375
376.000,3150.374,2088.432,0.696743,0,6,4,376
376.000,3150.472,2089.420,0.362626,0,6,4,376
377.000,3149.625,2089.934,0.617227,0,6,4,377
378.000,3148.480,2091.591,0.575352,0,6,4,378
379.000,3147.700,2091.664,0.569646,0,6,4,379
380.000,3147.118,2090.579,0.122517,0,6,4,380
382.000,3150.168,2096.920,0.108334,0,6,4,382
34.000,3196.749,2577.616,0.155311,0,6,5,34
35.000,3195.600,2579.004,0.273481,0,6,5,35
35.000,3199.177,2582.701,0.114426,0,6,5,35
36.000,3198.458,2583.459,0.175777,0,6,5,36
36.000,3194.740,2580.868,0.168321,0,6,5,36
36.000,3200.917,2586.662,0.148508,0,6,5,36
36.000,3200.448,2583.738,0.120342,0,6,5,36
265.000,3745.138,1354.572,0.293642,0,7,2,265
266.000,3744.719,1354.415,0.224041,0,7,2,266
222.000,3929.913,2169.285,0.101135,0,7,4,222
342.000,4578.167,1659.441,0.189969,0,8,3,342
343.000,4577.486,1659.706,0.433926,0,8,3,343
344.000,4577.019,1660.258,0.431502,0,8,3,344
345.000,4576.550,1661.416,0.306507,0,8,3,345
323.000,4410.755,2283.136,0.102871,0,8,4,323
369.000,4166.460,2066.483,0.171202,0,8,4,369
370.000,4165.327,2066.508,0.174195,0,8,4,370
384.000,4525.451,2785.496,0.231734,0,8,5,384
97.000,4615.666,1120.278,0.230640,0,9,2,97
98.000,4616.038,1119.320,0.204880,0,9,2,98
