epoch,time,train/box_loss,train/cls_loss,train/dfl_loss,metrics/precision(B),metrics/recall(B),metrics/mAP50(B),metrics/mAP50-95(B),val/box_loss,val/cls_loss,val/dfl_loss,lr/pg0,lr/pg1,lr/pg2,lr/pg3,lr/pg4,lr/pg5,lr/pg6,lr/pg7
1,170.075,1.96685,10.6946,0.69674,0.04247,0.03716,0.02342,0.00672,1.58727,1.98875,0.57378,0.00998905,0.00332968,0.00998905,0.00332968,0.00998905,0.00332968,0.00998905,0.00332968
2,307.82,2.061,2.52796,0.75163,0.00222,0.0473,0.00289,0.00083,1.73989,1.85327,0.63404,0.0198901,0.00663003,0.0198901,0.00663003,0.0198901,0.00663003,0.0198901,0.00663003
3,439.941,2.11268,2.63352,0.77072,0,0,0,0,1.46683,1.94537,0.60403,0.0296922,0.00989739,0.0296922,0.00989739,0.0296922,0.00989739,0.0296922,0.00989739
4,571.339,2.08019,2.55863,0.7975,0.00359,0.15878,0.00251,0.00066,1.62558,1.89613,0.61147,0.0295545,0.0098515,0.0295545,0.0098515,0.0295545,0.0098515,0.0295545,0.0098515
5,707.21,2.1109,2.62149,0.75835,0.00351,0.2027,0.00291,0.00087,1.56383,1.83664,0.58104,0.029406,0.009802,0.029406,0.009802,0.029406,0.009802,0.029406,0.009802
6,843.382,2.04478,2.51626,0.72962,0.00343,0.36149,0.00537,0.00146,1.44796,1.79812,0.57668,0.0292575,0.0097525,0.0292575,0.0097525,0.0292575,0.0097525,0.0292575,0.0097525
7,990.515,2.03772,2.47882,0.72902,0.00462,0.36824,0.00729,0.00202,1.52597,1.8125,0.59018,0.029109,0.009703,0.029109,0.009703,0.029109,0.009703,0.029109,0.009703
8,1149.79,2.07576,2.55709,0.72119,0.00309,0.34122,0.00438,0.00133,1.52242,1.77544,0.55124,0.0289605,0.0096535,0.0289605,0.0096535,0.0289605,0.0096535,0.0289605,0.0096535
9,1284.65,2.08964,2.62262,0.73146,0.004,0.42568,0.01058,0.00247,1.46769,1.72757,0.54317,0.028812,0.009604,0.028812,0.009604,0.028812,0.009604,0.028812,0.009604
10,1418.98,2.14643,2.6321,0.74666,0.00506,0.43581,0.02434,0.00443,1.47397,1.71129,0.53941,0.0286635,0.0095545,0.0286635,0.0095545,0.0286635,0.0095545,0.0286635,0.0095545
11,1546.84,1.98608,2.41072,0.69374,0.00546,0.36486,0.04297,0.01038,1.5439,1.71122,0.55909,0.028515,0.009505,0.028515,0.009505,0.028515,0.009505,0.028515,0.009505
12,1679.25,2.00045,2.3536,0.6925,0.00814,0.39865,0.0298,0.00849,1.45652,1.74904,0.54131,0.0283665,0.0094555,0.0283665,0.0094555,0.0283665,0.0094555,0.0283665,0.0094555
13,1814.97,2.08183,2.50527,0.72901,0.00482,0.41216,0.01514,0.00339,1.51087,1.71253,0.55652,0.028218,0.009406,0.028218,0.009406,0.028218,0.009406,0.028218,0.009406
14,1950.4,2.0753,2.38823,0.70942,0.00539,0.47297,0.0376,0.01038,1.42487,1.68461,0.54019,0.0280695,0.0093565,0.0280695,0.0093565,0.0280695,0.0093565,0.0280695,0.0093565
15,2085.69,1.97665,2.32168,0.69417,0.00579,0.52027,0.04806,0.01356,1.37855,1.63225,0.52824,0.027921,0.009307,0.027921,0.009307,0.027921,0.009307,0.027921,0.009307
16,2220.73,2.04805,2.3493,0.70778,0.00625,0.50338,0.04697,0.0154,1.41418,1.57047,0.54298,0.0277725,0.0092575,0.0277725,0.0092575,0.0277725,0.0092575,0.0277725,0.0092575
17,2350.45,1.98797,2.29256,0.71125,0.09876,0.08446,0.03666,0.0083,1.4849,1.57382,0.53744,0.027624,0.009208,0.027624,0.009208,0.027624,0.009208,0.027624,0.009208
18,2478.12,2.02926,2.24899,0.69204,0.25007,0.0777,0.06333,0.02108,1.44134,1.50767,0.54247,0.0274755,0.0091585,0.0274755,0.0091585,0.0274755,0.0091585,0.0274755,0.0091585
19,2608.18,1.9752,2.22239,0.69165,0.16816,0.14527,0.05761,0.01709,1.32163,1.62908,0.50757,0.027327,0.009109,0.027327,0.009109,0.027327,0.009109,0.027327,0.009109
20,2734.76,1.98712,2.11747,0.70364,0.23064,0.09122,0.07386,0.02189,1.43095,1.55278,0.54318,0.0271785,0.0090595,0.0271785,0.0090595,0.0271785,0.0090595,0.0271785,0.0090595
21,2861.8,1.96914,2.1116,0.69269,0.14868,0.19257,0.10074,0.02867,1.3514,1.59556,0.51915,0.02703,0.00901,0.02703,0.00901,0.02703,0.00901,0.02703,0.00901
22,2989.7,1.99436,2.1348,0.70576,0.18728,0.10135,0.06685,0.01924,1.38783,1.40444,0.53546,0.0268815,0.0089605,0.0268815,0.0089605,0.0268815,0.0089605,0.0268815,0.0089605
23,3116.4,1.90216,2.02383,0.67096,0.1702,0.14189,0.07669,0.02338,1.40336,1.44581,0.52618,0.026733,0.008911,0.026733,0.008911,0.026733,0.008911,0.026733,0.008911
24,3244.8,1.97068,2.04922,0.68247,0.16805,0.14189,0.07905,0.02711,1.35642,1.48534,0.51991,0.0265845,0.0088615,0.0265845,0.0088615,0.0265845,0.0088615,0.0265845,0.0088615
25,3373.59,1.96203,2.00464,0.70139,0.17749,0.14527,0.0828,0.02611,1.34147,1.44313,0.50909,0.026436,0.008812,0.026436,0.008812,0.026436,0.008812,0.026436,0.008812
26,3500.57,2.05474,2.07183,0.71559,0.21168,0.13176,0.09298,0.03235,1.29836,1.40136,0.50866,0.0262875,0.0087625,0.0262875,0.0087625,0.0262875,0.0087625,0.0262875,0.0087625
27,3630.13,1.89549,1.88665,0.66399,0.21563,0.16554,0.11824,0.0405,1.31754,1.31944,0.49866,0.026139,0.008713,0.026139,0.008713,0.026139,0.008713,0.026139,0.008713
28,3763.85,1.92052,1.91413,0.67485,0.25779,0.18581,0.13896,0.03975,1.32785,1.29819,0.49405,0.0259905,0.0086635,0.0259905,0.0086635,0.0259905,0.0086635,0.0259905,0.0086635
29,3896.84,1.97984,1.91658,0.71218,0.19783,0.18919,0.10054,0.02875,1.36367,1.34985,0.51308,0.025842,0.008614,0.025842,0.008614,0.025842,0.008614,0.025842,0.008614
30,4030.93,1.92153,1.81939,0.67551,0.23478,0.21249,0.1451,0.04504,1.36837,1.28747,0.51986,0.0256935,0.0085645,0.0256935,0.0085645,0.0256935,0.0085645,0.0256935,0.0085645
31,4162.96,1.89191,1.83032,0.67977,0.19106,0.2027,0.10707,0.03447,1.33305,1.34311,0.50806,0.025545,0.008515,0.025545,0.008515,0.025545,0.008515,0.025545,0.008515
32,4295.56,2.03133,1.96074,0.71398,0.23338,0.21284,0.16035,0.0534,1.32223,1.24994,0.50789,0.0253965,0.0084655,0.0253965,0.0084655,0.0253965,0.0084655,0.0253965,0.0084655
33,4427.96,1.8388,1.76167,0.64983,0.2389,0.22973,0.14117,0.04487,1.32921,1.25403,0.50439,0.025248,0.008416,0.025248,0.008416,0.025248,0.008416,0.025248,0.008416
34,4554.4,1.85458,1.78875,0.66192,0.25749,0.16892,0.12817,0.04201,1.33485,1.3215,0.49721,0.0250995,0.0083665,0.0250995,0.0083665,0.0250995,0.0083665,0.0250995,0.0083665
35,4681.5,1.8919,1.80287,0.68076,0.26219,0.21959,0.13768,0.0438,1.30705,1.23151,0.50212,0.024951,0.008317,0.024951,0.008317,0.024951,0.008317,0.024951,0.008317
36,4809.28,1.86047,1.72941,0.64478,0.20187,0.23649,0.13061,0.04056,1.31593,1.23003,0.49465,0.0248025,0.0082675,0.0248025,0.0082675,0.0248025,0.0082675,0.0248025,0.0082675
37,4938.34,1.92877,1.78205,0.6856,0.29662,0.26215,0.17847,0.05589,1.32548,1.18558,0.48776,0.024654,0.008218,0.024654,0.008218,0.024654,0.008218,0.024654,0.008218
38,5072.61,1.87169,1.70158,0.64983,0.29542,0.23986,0.17614,0.05349,1.2965,1.18129,0.49325,0.0245055,0.0081685,0.0245055,0.0081685,0.0245055,0.0081685,0.0245055,0.0081685
39,5207.11,1.86282,1.68131,0.67265,0.24919,0.27365,0.16329,0.0515,1.26295,1.18,0.49747,0.024357,0.008119,0.024357,0.008119,0.024357,0.008119,0.024357,0.008119
40,5340.85,1.9292,1.70467,0.67457,0.29371,0.28041,0.18246,0.05651,1.25004,1.16956,0.48859,0.0242085,0.0080695,0.0242085,0.0080695,0.0242085,0.0080695,0.0242085,0.0080695
41,5467.8,1.90276,1.71681,0.67914,0.32414,0.25114,0.18128,0.05572,1.28908,1.13416,0.48779,0.02406,0.00802,0.02406,0.00802,0.02406,0.00802,0.02406,0.00802
42,5595.28,1.97809,1.74028,0.68846,0.32709,0.25,0.20601,0.07308,1.29871,1.16304,0.49755,0.0239115,0.0079705,0.0239115,0.0079705,0.0239115,0.0079705,0.0239115,0.0079705
43,5733.32,1.83415,1.62068,0.66694,0.29344,0.25338,0.2017,0.07511,1.24877,1.12959,0.49291,0.023763,0.007921,0.023763,0.007921,0.023763,0.007921,0.023763,0.007921
44,5861.96,1.85736,1.64471,0.6585,0.38928,0.27027,0.23644,0.07865,1.23792,1.06795,0.47794,0.0236145,0.0078715,0.0236145,0.0078715,0.0236145,0.0078715,0.0236145,0.0078715
45,5989.14,1.84101,1.57202,0.65174,0.33914,0.27027,0.22776,0.07764,1.2476,1.06683,0.49148,0.023466,0.007822,0.023466,0.007822,0.023466,0.007822,0.023466,0.007822
46,6115.44,1.81828,1.50631,0.61901,0.31968,0.28716,0.23035,0.07852,1.28181,1.07599,0.48555,0.0233175,0.0077725,0.0233175,0.0077725,0.0233175,0.0077725,0.0233175,0.0077725
47,6242.63,1.89043,1.60271,0.6682,0.31292,0.27027,0.22253,0.07801,1.22622,1.05303,0.48072,0.023169,0.007723,0.023169,0.007723,0.023169,0.007723,0.023169,0.007723
48,6369.31,1.76061,1.46853,0.63446,0.35443,0.30233,0.2376,0.08518,1.2273,0.99847,0.47994,0.0230205,0.0076735,0.0230205,0.0076735,0.0230205,0.0076735,0.0230205,0.0076735
49,6496.67,1.93742,1.61785,0.69074,0.44757,0.28716,0.26715,0.10026,1.244,0.98025,0.48303,0.022872,0.007624,0.022872,0.007624,0.022872,0.007624,0.022872,0.007624
50,6624.29,1.83887,1.5418,0.64892,0.45787,0.2973,0.27469,0.0973,1.18308,0.96415,0.4668,0.0227235,0.0075745,0.0227235,0.0075745,0.0227235,0.0075745,0.0227235,0.0075745
51,6752.16,1.87634,1.51042,0.66017,0.37362,0.3277,0.29546,0.10568,1.19795,0.96879,0.47284,0.022575,0.007525,0.022575,0.007525,0.022575,0.007525,0.022575,0.007525
52,6886.79,1.86659,1.512,0.64917,0.44708,0.32095,0.29441,0.0966,1.22706,1.00066,0.4791,0.0224265,0.0074755,0.0224265,0.0074755,0.0224265,0.0074755,0.0224265,0.0074755
53,7021.67,1.88549,1.53105,0.65804,0.40906,0.31757,0.28747,0.11183,1.20416,0.98556,0.47355,0.022278,0.007426,0.022278,0.007426,0.022278,0.007426,0.022278,0.007426
54,7157.28,1.80022,1.45853,0.6522,0.43306,0.35135,0.31282,0.11161,1.23795,0.95911,0.47765,0.0221295,0.0073765,0.0221295,0.0073765,0.0221295,0.0073765,0.0221295,0.0073765
55,7289.03,1.81126,1.43155,0.65025,0.40874,0.3277,0.31698,0.11407,1.21041,0.92675,0.47052,0.021981,0.007327,0.021981,0.007327,0.021981,0.007327,0.021981,0.007327
56,7428.91,1.89316,1.48643,0.6723,0.39655,0.33784,0.31835,0.11589,1.18407,0.92274,0.47334,0.0218325,0.0072775,0.0218325,0.0072775,0.0218325,0.0072775,0.0218325,0.0072775
57,7568.35,1.78658,1.42896,0.65893,0.44792,0.34797,0.30985,0.11326,1.20002,0.94992,0.47452,0.021684,0.007228,0.021684,0.007228,0.021684,0.007228,0.021684,0.007228
58,7708.25,1.7949,1.41985,0.64754,0.46191,0.35135,0.34153,0.1286,1.21464,0.94185,0.47052,0.0215355,0.0071785,0.0215355,0.0071785,0.0215355,0.0071785,0.0215355,0.0071785
59,7847.58,1.82359,1.40912,0.66942,0.42458,0.35811,0.32198,0.11374,1.24125,0.9249,0.46958,0.021387,0.007129,0.021387,0.007129,0.021387,0.007129,0.021387,0.007129
60,7984.24,1.79298,1.40625,0.63219,0.50499,0.36824,0.34526,0.12685,1.19743,0.9093,0.46576,0.0212385,0.0070795,0.0212385,0.0070795,0.0212385,0.0070795,0.0212385,0.0070795
61,8119.09,1.83961,1.44452,0.64821,0.46965,0.38851,0.32851,0.13944,1.1409,0.90693,0.46537,0.02109,0.00703,0.02109,0.00703,0.02109,0.00703,0.02109,0.00703
62,8250.94,1.85672,1.42334,0.64371,0.51172,0.35473,0.35658,0.13681,1.18721,0.89302,0.46684,0.0209415,0.0069805,0.0209415,0.0069805,0.0209415,0.0069805,0.0209415,0.0069805
63,8382.37,1.85677,1.40905,0.66869,0.50723,0.37838,0.37587,0.13836,1.12265,0.896,0.45912,0.020793,0.006931,0.020793,0.006931,0.020793,0.006931,0.020793,0.006931
64,8514.04,1.83229,1.40462,0.64478,0.54351,0.34459,0.3678,0.13462,1.167,0.8851,0.46221,0.0206445,0.0068815,0.0206445,0.0068815,0.0206445,0.0068815,0.0206445,0.0068815
65,8647.56,1.76442,1.35249,0.62794,0.45838,0.40878,0.36996,0.14458,1.17329,0.85648,0.47255,0.020496,0.006832,0.020496,0.006832,0.020496,0.006832,0.020496,0.006832
66,8775.93,1.787,1.35365,0.65413,0.51194,0.39527,0.39074,0.14536,1.16174,0.83953,0.46116,0.0203475,0.0067825,0.0203475,0.0067825,0.0203475,0.0067825,0.0203475,0.0067825
67,8902.5,1.82656,1.37157,0.6412,0.53504,0.36824,0.37351,0.14589,1.15859,0.82869,0.46217,0.020199,0.006733,0.020199,0.006733,0.020199,0.006733,0.020199,0.006733
68,9029.96,1.89831,1.38955,0.68088,0.49759,0.39483,0.38925,0.15524,1.15377,0.83043,0.46345,0.0200505,0.0066835,0.0200505,0.0066835,0.0200505,0.0066835,0.0200505,0.0066835
69,9159.65,1.79254,1.3214,0.64413,0.4936,0.37838,0.37074,0.14467,1.1568,0.83551,0.46047,0.019902,0.006634,0.019902,0.006634,0.019902,0.006634,0.019902,0.006634
70,9287.25,1.7898,1.3019,0.64423,0.45841,0.40203,0.382,0.14955,1.16681,0.85038,0.46105,0.0197535,0.0065845,0.0197535,0.0065845,0.0197535,0.0065845,0.0197535,0.0065845
71,9421.77,1.74901,1.30642,0.63228,0.57124,0.35473,0.4003,0.1583,1.14199,0.81554,0.45535,0.019605,0.006535,0.019605,0.006535,0.019605,0.006535,0.019605,0.006535
72,9556.7,1.78964,1.2997,0.64071,0.553,0.41892,0.40871,0.16618,1.14305,0.80225,0.45758,0.0194565,0.0064855,0.0194565,0.0064855,0.0194565,0.0064855,0.0194565,0.0064855
73,9691.5,1.66751,1.21527,0.60232,0.57848,0.37162,0.42215,0.17565,1.134,0.81229,0.45926,0.019308,0.006436,0.019308,0.006436,0.019308,0.006436,0.019308,0.006436
74,9825.63,1.81043,1.28148,0.63908,0.54068,0.39189,0.42296,0.17348,1.13997,0.78293,0.45766,0.0191595,0.0063865,0.0191595,0.0063865,0.0191595,0.0063865,0.0191595,0.0063865
75,9952.44,1.68892,1.19085,0.61322,0.48781,0.42568,0.42061,0.17142,1.13324,0.78438,0.46053,0.019011,0.006337,0.019011,0.006337,0.019011,0.006337,0.019011,0.006337
76,10079.2,1.73494,1.22267,0.61511,0.53257,0.40203,0.42342,0.17664,1.12813,0.78316,0.46217,0.0188625,0.0062875,0.0188625,0.0062875,0.0188625,0.0062875,0.0188625,0.0062875
77,10205.9,1.67371,1.20779,0.61445,0.55356,0.41889,0.43793,0.18326,1.12796,0.7616,0.45928,0.018714,0.006238,0.018714,0.006238,0.018714,0.006238,0.018714,0.006238
78,10333.5,1.85556,1.30916,0.67742,0.52554,0.42905,0.44055,0.18372,1.11417,0.75777,0.45505,0.0185655,0.0061885,0.0185655,0.0061885,0.0185655,0.0061885,0.0185655,0.0061885
79,10460.2,1.65793,1.20391,0.60536,0.50848,0.48649,0.44716,0.18826,1.11883,0.74413,0.45139,0.018417,0.006139,0.018417,0.006139,0.018417,0.006139,0.018417,0.006139
80,10587.6,1.75391,1.19778,0.63791,0.55648,0.42568,0.45202,0.1899,1.11794,0.75506,0.45001,0.0182685,0.0060895,0.0182685,0.0060895,0.0182685,0.0060895,0.0182685,0.0060895
81,10719.8,1.78595,1.26016,0.63901,0.6045,0.42905,0.45886,0.19656,1.09804,0.74722,0.4497,0.01812,0.00604,0.01812,0.00604,0.01812,0.00604,0.01812,0.00604
82,10854.7,1.76589,1.22475,0.62769,0.5892,0.4797,0.47605,0.20317,1.10906,0.75132,0.45076,0.0179715,0.0059905,0.0179715,0.0059905,0.0179715,0.0059905,0.0179715,0.0059905
83,10989.6,1.75515,1.20722,0.62728,0.64917,0.4626,0.48155,0.20869,1.10611,0.75018,0.44938,0.017823,0.005941,0.017823,0.005941,0.017823,0.005941,0.017823,0.005941
84,11124.2,1.72087,1.16037,0.6153,0.60431,0.4592,0.48638,0.2061,1.12478,0.73672,0.45211,0.0176745,0.0058915,0.0176745,0.0058915,0.0176745,0.0058915,0.0176745,0.0058915
85,11259.2,1.73592,1.18747,0.63315,0.62721,0.42568,0.48162,0.20816,1.11252,0.73484,0.44866,0.017526,0.005842,0.017526,0.005842,0.017526,0.005842,0.017526,0.005842
86,11393.8,1.69794,1.12556,0.62356,0.63048,0.43919,0.47981,0.20705,1.10887,0.71766,0.44784,0.0173775,0.0057925,0.0173775,0.0057925,0.0173775,0.0057925,0.0173775,0.0057925
87,11522.5,1.74093,1.19685,0.63187,0.59869,0.46622,0.49628,0.21563,1.10508,0.71696,0.44733,0.017229,0.005743,0.017229,0.005743,0.017229,0.005743,0.017229,0.005743
88,11655.8,1.69867,1.18126,0.63669,0.54963,0.50338,0.50192,0.21961,1.12256,0.70345,0.44843,0.0170805,0.0056935,0.0170805,0.0056935,0.0170805,0.0056935,0.0170805,0.0056935
89,11784.2,1.67708,1.12736,0.63453,0.63078,0.46284,0.49555,0.22367,1.10817,0.70194,0.44649,0.016932,0.005644,0.016932,0.005644,0.016932,0.005644,0.016932,0.005644
90,11916.5,1.72276,1.13787,0.62954,0.59154,0.5,0.5054,0.21959,1.10449,0.69715,0.44623,0.0167835,0.0055945,0.0167835,0.0055945,0.0167835,0.0055945,0.0167835,0.0055945
91,12043.3,1.66596,1.11012,0.62187,0.6509,0.47242,0.51436,0.23032,1.09332,0.68644,0.44396,0.016635,0.005545,0.016635,0.005545,0.016635,0.005545,0.016635,0.005545
92,12176.6,1.6637,1.111,0.61819,0.6605,0.47981,0.53116,0.23561,1.08292,0.67754,0.443,0.0164865,0.0054955,0.0164865,0.0054955,0.0164865,0.0054955,0.0164865,0.0054955
93,12311.6,1.65276,1.09791,0.62753,0.69101,0.46843,0.54115,0.23417,1.08012,0.66089,0.44241,0.016338,0.005446,0.016338,0.005446,0.016338,0.005446,0.016338,0.005446
94,12445.9,1.71615,1.15186,0.6263,0.68012,0.48311,0.54958,0.24172,1.087,0.65432,0.44494,0.0161895,0.0053965,0.0161895,0.0053965,0.0161895,0.0053965,0.0161895,0.0053965
95,12578.8,1.68767,1.09623,0.63282,0.60107,0.51689,0.53772,0.23402,1.08641,0.64744,0.44325,0.016041,0.005347,0.016041,0.005347,0.016041,0.005347,0.016041,0.005347
96,12705.6,1.70967,1.11249,0.62493,0.71993,0.46284,0.53336,0.23624,1.07255,0.63989,0.44145,0.0158925,0.0052975,0.0158925,0.0052975,0.0158925,0.0052975,0.0158925,0.0052975
97,12834.2,1.73347,1.11984,0.6355,0.70526,0.47695,0.52483,0.23202,1.07645,0.63535,0.44273,0.015744,0.005248,0.015744,0.005248,0.015744,0.005248,0.015744,0.005248
98,12965.3,1.68371,1.06737,0.61409,0.67864,0.47801,0.53356,0.23417,1.07955,0.64073,0.44359,0.0155955,0.0051985,0.0155955,0.0051985,0.0155955,0.0051985,0.0155955,0.0051985
99,13098.9,1.64576,1.04866,0.60409,0.66002,0.50676,0.54344,0.24148,1.0648,0.63286,0.44095,0.015447,0.005149,0.015447,0.005149,0.015447,0.005149,0.015447,0.005149
100,13226.3,1.69137,1.08171,0.62396,0.66687,0.52365,0.5524,0.24606,1.06131,0.63104,0.44028,0.0152985,0.0050995,0.0152985,0.0050995,0.0152985,0.0050995,0.0152985,0.0050995
101,13353.7,1.60524,1.05188,0.59478,0.63452,0.53378,0.54842,0.24226,1.07652,0.62514,0.44185,0.01515,0.00505,0.01515,0.00505,0.01515,0.00505,0.01515,0.00505
102,13484.2,1.6703,1.05672,0.63575,0.60241,0.56307,0.55408,0.2471,1.07451,0.62119,0.44149,0.0150015,0.0050005,0.0150015,0.0050005,0.0150015,0.0050005,0.0150015,0.0050005
103,13618.2,1.61907,1.01796,0.60063,0.61028,0.55549,0.55436,0.24835,1.07219,0.62261,0.44252,0.014853,0.004951,0.014853,0.004951,0.014853,0.004951,0.014853,0.004951
104,13752.7,1.68613,1.05164,0.63122,0.61093,0.56757,0.54948,0.2442,1.07262,0.62448,0.44453,0.0147045,0.0049015,0.0147045,0.0049015,0.0147045,0.0049015,0.0147045,0.0049015
105,13887.7,1.60017,0.97539,0.6109,0.62373,0.57432,0.55534,0.24826,1.06348,0.62249,0.44306,0.014556,0.004852,0.014556,0.004852,0.014556,0.004852,0.014556,0.004852
106,14021.4,1.61016,1.03725,0.61406,0.63611,0.55405,0.55285,0.24315,1.06505,0.62042,0.44462,0.0144075,0.0048025,0.0144075,0.0048025,0.0144075,0.0048025,0.0144075,0.0048025
107,14156.1,1.59999,1.00096,0.59134,0.63402,0.5473,0.55528,0.24673,1.06652,0.6177,0.44282,0.014259,0.004753,0.014259,0.004753,0.014259,0.004753,0.014259,0.004753
108,14289.7,1.6514,1.02827,0.61287,0.63786,0.56757,0.55187,0.24993,1.064,0.61092,0.44333,0.0141105,0.0047035,0.0141105,0.0047035,0.0141105,0.0047035,0.0141105,0.0047035
109,14417.8,1.55447,0.98538,0.59638,0.62086,0.56429,0.56416,0.25674,1.06634,0.61305,0.44488,0.013962,0.004654,0.013962,0.004654,0.013962,0.004654,0.013962,0.004654
110,14544.4,1.61633,1.01014,0.61794,0.64365,0.55743,0.56753,0.25834,1.05895,0.60999,0.44183,0.0138135,0.0046045,0.0138135,0.0046045,0.0138135,0.0046045,0.0138135,0.0046045
111,14678.5,1.67064,1.01776,0.6277,0.66357,0.55307,0.57656,0.25671,1.05257,0.60879,0.4407,0.013665,0.004555,0.013665,0.004555,0.013665,0.004555,0.013665,0.004555
112,14811.9,1.63736,0.99533,0.61782,0.66425,0.52703,0.579,0.25807,1.05241,0.6073,0.44171,0.0135165,0.0045055,0.0135165,0.0045055,0.0135165,0.0045055,0.0135165,0.0045055
113,14946.9,1.61204,0.97926,0.60884,0.70307,0.53041,0.58275,0.26006,1.04207,0.60038,0.43907,0.013368,0.004456,0.013368,0.004456,0.013368,0.004456,0.013368,0.004456
114,15081.8,1.62872,0.97008,0.60445,0.68099,0.53041,0.58272,0.26186,1.04597,0.59894,0.43983,0.0132195,0.0044065,0.0132195,0.0044065,0.0132195,0.0044065,0.0132195,0.0044065
115,15216.5,1.67264,1.0146,0.62895,0.6935,0.53509,0.585,0.26229,1.04156,0.5945,0.43834,0.013071,0.004357,0.013071,0.004357,0.013071,0.004357,0.013071,0.004357
116,15349,1.64148,0.97937,0.6267,0.68155,0.54392,0.58546,0.26467,1.03434,0.59099,0.43763,0.0129225,0.0043075,0.0129225,0.0043075,0.0129225,0.0043075,0.0129225,0.0043075
117,15482.6,1.59069,0.9598,0.60039,0.67963,0.54054,0.59134,0.26902,1.02489,0.58421,0.43559,0.012774,0.004258,0.012774,0.004258,0.012774,0.004258,0.012774,0.004258
118,15609.6,1.63527,0.97332,0.62555,0.6998,0.55129,0.59088,0.26657,1.02398,0.58119,0.4352,0.0126255,0.0042085,0.0126255,0.0042085,0.0126255,0.0042085,0.0126255,0.0042085
119,15736.5,1.63557,0.93605,0.62324,0.70562,0.56081,0.59919,0.26737,1.02516,0.5795,0.43473,0.012477,0.004159,0.012477,0.004159,0.012477,0.004159,0.012477,0.004159
120,15864.9,1.62968,0.94256,0.62296,0.73101,0.55068,0.60002,0.27121,1.01387,0.57596,0.43436,0.0123285,0.0041095,0.0123285,0.0041095,0.0123285,0.0041095,0.0123285,0.0041095
121,15999.4,1.48949,0.90162,0.56741,0.75878,0.55405,0.61152,0.27739,1.00796,0.57604,0.43226,0.01218,0.00406,0.01218,0.00406,0.01218,0.00406,0.01218,0.00406
122,16134.6,1.52142,0.87922,0.59404,0.75164,0.55743,0.61321,0.2789,1.0117,0.57152,0.43228,0.0120315,0.0040105,0.0120315,0.0040105,0.0120315,0.0040105,0.0120315,0.0040105
123,16262.6,1.55836,0.92469,0.58716,0.72595,0.56757,0.61409,0.2844,1.00622,0.56734,0.43181,0.011883,0.003961,0.011883,0.003961,0.011883,0.003961,0.011883,0.003961
124,16389.3,1.65252,0.95667,0.62045,0.71668,0.56757,0.61633,0.28439,1.005,0.56343,0.43094,0.0117345,0.0039115,0.0117345,0.0039115,0.0117345,0.0039115,0.0117345,0.0039115
125,16520.4,1.57636,0.93963,0.6154,0.74327,0.58108,0.6216,0.2844,1.00098,0.561,0.43028,0.011586,0.003862,0.011586,0.003862,0.011586,0.003862,0.011586,0.003862
126,16655.6,1.57889,0.89179,0.60394,0.74728,0.57432,0.62394,0.28825,1.00562,0.56036,0.43049,0.0114375,0.0038125,0.0114375,0.0038125,0.0114375,0.0038125,0.0114375,0.0038125
127,16790.5,1.59825,0.89715,0.61728,0.74376,0.56877,0.62306,0.28695,1.00481,0.55914,0.43018,0.011289,0.003763,0.011289,0.003763,0.011289,0.003763,0.011289,0.003763
128,16925.6,1.53166,0.87151,0.60325,0.75598,0.56519,0.62867,0.2967,1.00636,0.55746,0.43128,0.0111405,0.0037135,0.0111405,0.0037135,0.0111405,0.0037135,0.0111405,0.0037135
129,17057.7,1.5559,0.88773,0.59503,0.74135,0.56757,0.62743,0.29756,1.00572,0.55873,0.43075,0.010992,0.003664,0.010992,0.003664,0.010992,0.003664,0.010992,0.003664
130,17191.1,1.59804,0.91143,0.62294,0.74729,0.55945,0.62405,0.29784,1.00585,0.55743,0.43087,0.0108435,0.0036145,0.0108435,0.0036145,0.0108435,0.0036145,0.0108435,0.0036145
131,17326,1.52211,0.87577,0.60445,0.74229,0.57095,0.62657,0.29721,1.0074,0.5575,0.43087,0.010695,0.003565,0.010695,0.003565,0.010695,0.003565,0.010695,0.003565
132,17461.2,1.58973,0.91032,0.62802,0.73377,0.56799,0.62782,0.2943,1.00921,0.55915,0.42963,0.0105465,0.0035155,0.0105465,0.0035155,0.0105465,0.0035155,0.0105465,0.0035155
133,17596.7,1.6257,0.92255,0.6115,0.73491,0.56419,0.62837,0.29477,1.01556,0.55927,0.43001,0.010398,0.003466,0.010398,0.003466,0.010398,0.003466,0.010398,0.003466
134,17731.4,1.52817,0.90338,0.58363,0.74442,0.57095,0.63314,0.29548,1.0037,0.55348,0.42768,0.0102495,0.0034165,0.0102495,0.0034165,0.0102495,0.0034165,0.0102495,0.0034165
135,17866.4,1.55019,0.88356,0.60694,0.74118,0.56757,0.63217,0.29614,1.00161,0.5506,0.42789,0.010101,0.003367,0.010101,0.003367,0.010101,0.003367,0.010101,0.003367
136,17998.7,1.50886,0.84566,0.59409,0.73201,0.57095,0.6324,0.29754,0.99493,0.54883,0.42747,0.0099525,0.0033175,0.0099525,0.0033175,0.0099525,0.0033175,0.0099525,0.0033175
137,18126.1,1.49111,0.86112,0.59546,0.73257,0.57378,0.63188,0.29856,1.00097,0.5512,0.4287,0.009804,0.003268,0.009804,0.003268,0.009804,0.003268,0.009804,0.003268
138,18256.7,1.50336,0.84843,0.59933,0.72992,0.58434,0.63314,0.30038,0.99923,0.55079,0.42801,0.0096555,0.0032185,0.0096555,0.0032185,0.0096555,0.0032185,0.0096555,0.0032185
139,18389.1,1.52095,0.85074,0.58933,0.74326,0.57095,0.63584,0.30117,0.99602,0.54594,0.42765,0.009507,0.003169,0.009507,0.003169,0.009507,0.003169,0.009507,0.003169
140,18524,1.48959,0.81891,0.58568,0.75803,0.57432,0.63953,0.30218,0.99684,0.54908,0.42741,0.0093585,0.0031195,0.0093585,0.0031195,0.0093585,0.0031195,0.0093585,0.0031195
141,18659,1.49219,0.83992,0.60306,0.76571,0.57415,0.63968,0.30216,0.99119,0.54517,0.42588,0.00921,0.00307,0.00921,0.00307,0.00921,0.00307,0.00921,0.00307
142,18794.3,1.52233,0.83992,0.59987,0.77361,0.57095,0.64062,0.302,0.98664,0.54249,0.42545,0.0090615,0.0030205,0.0090615,0.0030205,0.0090615,0.0030205,0.0090615,0.0030205
143,18927.9,1.50991,0.83828,0.61536,0.76826,0.57121,0.64244,0.30529,0.98421,0.53937,0.42513,0.008913,0.002971,0.008913,0.002971,0.008913,0.002971,0.008913,0.002971
144,19063.1,1.55192,0.84768,0.62287,0.77583,0.57095,0.64377,0.30502,0.98502,0.53897,0.42533,0.0087645,0.0029215,0.0087645,0.0029215,0.0087645,0.0029215,0.0087645,0.0029215
145,19190.3,1.4484,0.8088,0.58753,0.78011,0.57095,0.64612,0.30592,0.98532,0.53713,0.4248,0.008616,0.002872,0.008616,0.002872,0.008616,0.002872,0.008616,0.002872
146,19318.9,1.48036,0.81297,0.59639,0.78091,0.57095,0.64568,0.3069,0.98151,0.53237,0.42599,0.0084675,0.0028225,0.0084675,0.0028225,0.0084675,0.0028225,0.0084675,0.0028225
147,19447.6,1.46111,0.79146,0.58159,0.77947,0.57316,0.64514,0.30565,0.98295,0.53238,0.42466,0.008319,0.002773,0.008319,0.002773,0.008319,0.002773,0.008319,0.002773
148,19582.1,1.52868,0.83505,0.6003,0.75779,0.58108,0.64713,0.30355,0.98076,0.53183,0.42473,0.0081705,0.0027235,0.0081705,0.0027235,0.0081705,0.0027235,0.0081705,0.0027235
149,19717.2,1.51473,0.83078,0.60833,0.74628,0.59122,0.64779,0.30449,0.98026,0.53036,0.4249,0.008022,0.002674,0.008022,0.002674,0.008022,0.002674,0.008022,0.002674
150,19846.6,1.45955,0.7871,0.57045,0.74078,0.59797,0.65108,0.30566,0.98409,0.52992,0.42685,0.0078735,0.0026245,0.0078735,0.0026245,0.0078735,0.0026245,0.0078735,0.0026245
151,19973.5,1.47367,0.82005,0.58915,0.74887,0.59797,0.65218,0.30702,0.98447,0.53025,0.4268,0.007725,0.002575,0.007725,0.002575,0.007725,0.002575,0.007725,0.002575
152,20106.4,1.52069,0.7888,0.62016,0.75119,0.59797,0.6541,0.30686,0.97956,0.52537,0.42578,0.0075765,0.0025255,0.0075765,0.0025255,0.0075765,0.0025255,0.0075765,0.0025255
153,20235.8,1.51543,0.80562,0.62275,0.76105,0.59797,0.65532,0.30991,0.97828,0.52375,0.42536,0.007428,0.002476,0.007428,0.002476,0.007428,0.002476,0.007428,0.002476
154,20366.3,1.46862,0.78139,0.59957,0.77922,0.58446,0.65872,0.31205,0.97766,0.52235,0.42541,0.0072795,0.0024265,0.0072795,0.0024265,0.0072795,0.0024265,0.0072795,0.0024265
155,20499.7,1.43997,0.78378,0.58854,0.76869,0.59504,0.65936,0.3114,0.97799,0.52184,0.42518,0.007131,0.002377,0.007131,0.002377,0.007131,0.002377,0.007131,0.002377
156,20633.1,1.46055,0.7699,0.58275,0.78602,0.58108,0.66167,0.31391,0.97569,0.52009,0.42514,0.0069825,0.0023275,0.0069825,0.0023275,0.0069825,0.0023275,0.0069825,0.0023275
157,20764.9,1.4254,0.7783,0.59409,0.76904,0.59797,0.66201,0.31468,0.97331,0.5185,0.42476,0.006834,0.002278,0.006834,0.002278,0.006834,0.002278,0.006834,0.002278
158,20900.2,1.48059,0.7883,0.59887,0.77765,0.59797,0.66503,0.31471,0.97358,0.52076,0.42549,0.0066855,0.0022285,0.0066855,0.0022285,0.0066855,0.0022285,0.0066855,0.0022285
159,21035.7,1.38807,0.73386,0.57973,0.77331,0.60135,0.66614,0.31582,0.97188,0.51904,0.42448,0.006537,0.002179,0.006537,0.002179,0.006537,0.002179,0.006537,0.002179
160,21165.7,1.42231,0.76646,0.5675,0.78676,0.59459,0.66652,0.31727,0.97313,0.51769,0.42549,0.0063885,0.0021295,0.0063885,0.0021295,0.0063885,0.0021295,0.0063885,0.0021295
161,21296.4,1.48161,0.77048,0.6095,0.79046,0.59459,0.66744,0.3196,0.97192,0.51696,0.42488,0.00624,0.00208,0.00624,0.00208,0.00624,0.00208,0.00624,0.00208
162,21431.7,1.44461,0.74554,0.58642,0.78924,0.59459,0.66828,0.31785,0.97272,0.51595,0.42468,0.0060915,0.0020305,0.0060915,0.0020305,0.0060915,0.0020305,0.0060915,0.0020305
163,21566.8,1.3965,0.72612,0.5831,0.79597,0.59459,0.66825,0.3205,0.97195,0.51495,0.42534,0.005943,0.001981,0.005943,0.001981,0.005943,0.001981,0.005943,0.001981
164,21693.8,1.44723,0.74916,0.60134,0.80225,0.59459,0.66859,0.32108,0.96893,0.5147,0.42476,0.0057945,0.0019315,0.0057945,0.0019315,0.0057945,0.0019315,0.0057945,0.0019315
165,21821.8,1.37601,0.73403,0.58651,0.79959,0.59309,0.66942,0.32193,0.96635,0.51391,0.42432,0.005646,0.001882,0.005646,0.001882,0.005646,0.001882,0.005646,0.001882
166,21949.5,1.40739,0.73894,0.58245,0.80285,0.59159,0.67104,0.32305,0.96256,0.51324,0.42367,0.0054975,0.0018325,0.0054975,0.0018325,0.0054975,0.0018325,0.0054975,0.0018325
167,22084.2,1.44873,0.75362,0.59751,0.80636,0.59122,0.67226,0.32379,0.96372,0.51321,0.42321,0.005349,0.001783,0.005349,0.001783,0.005349,0.001783,0.005349,0.001783
168,22213.7,1.40542,0.72862,0.59146,0.81152,0.59122,0.67244,0.32384,0.96222,0.51302,0.42302,0.0052005,0.0017335,0.0052005,0.0017335,0.0052005,0.0017335,0.0052005,0.0017335
169,22349,1.38159,0.72128,0.57897,0.81348,0.58938,0.67237,0.32448,0.96314,0.51241,0.42314,0.005052,0.001684,0.005052,0.001684,0.005052,0.001684,0.005052,0.001684
170,22484.1,1.37465,0.73697,0.57675,0.8174,0.58979,0.67356,0.32395,0.96027,0.51135,0.42243,0.0049035,0.0016345,0.0049035,0.0016345,0.0049035,0.0016345,0.0049035,0.0016345
171,22618.9,1.37525,0.71201,0.57499,0.82539,0.59089,0.67392,0.32411,0.96118,0.5113,0.42228,0.004755,0.001585,0.004755,0.001585,0.004755,0.001585,0.004755,0.001585
172,22748.6,1.39607,0.73112,0.60308,0.82311,0.59797,0.67434,0.32421,0.95925,0.51029,0.42226,0.0046065,0.0015355,0.0046065,0.0015355,0.0046065,0.0015355,0.0046065,0.0015355
173,22881.9,1.36565,0.70744,0.56132,0.8163,0.60135,0.67484,0.32473,0.96153,0.50958,0.42327,0.004458,0.001486,0.004458,0.001486,0.004458,0.001486,0.004458,0.001486
174,23008.7,1.35222,0.6765,0.57257,0.81301,0.60135,0.67264,0.3222,0.96315,0.50832,0.42322,0.0043095,0.0014365,0.0043095,0.0014365,0.0043095,0.0014365,0.0043095,0.0014365
175,23142,1.31134,0.68526,0.57387,0.81264,0.60135,0.67308,0.3233,0.96327,0.50782,0.42305,0.004161,0.001387,0.004161,0.001387,0.004161,0.001387,0.004161,0.001387
176,23277.5,1.35207,0.7,0.57662,0.82015,0.60135,0.67828,0.32601,0.96646,0.50794,0.42311,0.0040125,0.0013375,0.0040125,0.0013375,0.0040125,0.0013375,0.0040125,0.0013375
177,23410.5,1.36606,0.69647,0.58213,0.82684,0.60135,0.67914,0.32669,0.96187,0.50675,0.42289,0.003864,0.001288,0.003864,0.001288,0.003864,0.001288,0.003864,0.001288
178,23537.9,1.39431,0.689,0.61543,0.82402,0.60135,0.67988,0.32821,0.96246,0.50585,0.42264,0.0037155,0.0012385,0.0037155,0.0012385,0.0037155,0.0012385,0.0037155,0.0012385
179,23666.2,1.34485,0.68173,0.57144,0.81753,0.60135,0.68039,0.33068,0.96112,0.50284,0.42222,0.003567,0.001189,0.003567,0.001189,0.003567,0.001189,0.003567,0.001189
180,23796.5,1.29654,0.66147,0.56624,0.81312,0.60268,0.67996,0.33225,0.95705,0.50287,0.422,0.0034185,0.0011395,0.0034185,0.0011395,0.0034185,0.0011395,0.0034185,0.0011395
181,23931.2,1.2743,0.64535,0.56272,0.81736,0.60478,0.68127,0.33239,0.95879,0.50182,0.42176,0.00327,0.00109,0.00327,0.00109,0.00327,0.00109,0.00327,0.00109
182,24066.4,1.37609,0.67725,0.56975,0.81736,0.60478,0.68174,0.33306,0.95831,0.50023,0.42142,0.0031215,0.0010405,0.0031215,0.0010405,0.0031215,0.0010405,0.0031215,0.0010405
183,24201.6,1.36223,0.664,0.58491,0.81785,0.60675,0.6819,0.33308,0.96065,0.50063,0.42188,0.002973,0.000991,0.002973,0.000991,0.002973,0.000991,0.002973,0.000991
184,24331.1,1.23556,0.61808,0.56855,0.81786,0.60678,0.68267,0.33205,0.95586,0.49989,0.42174,0.0028245,0.0009415,0.0028245,0.0009415,0.0028245,0.0009415,0.0028245,0.0009415
185,24466.2,1.27613,0.64526,0.56803,0.81842,0.60473,0.68197,0.33272,0.95755,0.49855,0.42155,0.002676,0.000892,0.002676,0.000892,0.002676,0.000892,0.002676,0.000892
186,24601.3,1.28943,0.65878,0.56936,0.81761,0.6058,0.68199,0.33438,0.956,0.49747,0.4213,0.0025275,0.0008425,0.0025275,0.0008425,0.0025275,0.0008425,0.0025275,0.0008425
187,24736.6,1.27405,0.6574,0.56477,0.81985,0.60473,0.68235,0.33371,0.95514,0.49697,0.42128,0.002379,0.000793,0.002379,0.000793,0.002379,0.000793,0.002379,0.000793
188,24873,1.31777,0.66468,0.58762,0.82367,0.60473,0.68089,0.33339,0.95419,0.49685,0.42095,0.0022305,0.0007435,0.0022305,0.0007435,0.0022305,0.0007435,0.0022305,0.0007435
189,25008,1.32265,0.68946,0.58,0.82608,0.59797,0.68096,0.33332,0.95379,0.49626,0.42077,0.002082,0.000694,0.002082,0.000694,0.002082,0.000694,0.002082,0.000694
190,25142.7,1.34102,0.67657,0.57788,0.82721,0.59843,0.68121,0.33356,0.95078,0.49502,0.42066,0.0019335,0.0006445,0.0019335,0.0006445,0.0019335,0.0006445,0.0019335,0.0006445
191,25272.3,1.30879,0.63955,0.58416,0.82989,0.59797,0.68146,0.33396,0.95249,0.4948,0.4206,0.001785,0.000595,0.001785,0.000595,0.001785,0.000595,0.001785,0.000595
192,25399.6,1.27778,0.62951,0.5734,0.83231,0.59459,0.68183,0.33479,0.95013,0.49326,0.4205,0.0016365,0.0005455,0.0016365,0.0005455,0.0016365,0.0005455,0.0016365,0.0005455
193,25529.8,1.22536,0.60544,0.55412,0.73918,0.65203,0.68175,0.33452,0.94761,0.49228,0.42053,0.001488,0.000496,0.001488,0.000496,0.001488,0.000496,0.001488,0.000496
194,25664.9,1.26791,0.62837,0.58171,0.74158,0.65203,0.68253,0.33559,0.95023,0.49238,0.42021,0.0013395,0.0004465,0.0013395,0.0004465,0.0013395,0.0004465,0.0013395,0.0004465
195,25799.6,1.24096,0.613,0.54225,0.74298,0.65433,0.68304,0.33585,0.95031,0.49146,0.41994,0.001191,0.000397,0.001191,0.000397,0.001191,0.000397,0.001191,0.000397
196,25934.9,1.23033,0.60971,0.566,0.74024,0.66216,0.68286,0.33684,0.94956,0.4917,0.41996,0.0010425,0.0003475,0.0010425,0.0003475,0.0010425,0.0003475,0.0010425,0.0003475
197,26069.8,1.2639,0.63962,0.56249,0.7431,0.66451,0.68311,0.33631,0.94932,0.49054,0.41978,0.000894,0.000298,0.000894,0.000298,0.000894,0.000298,0.000894,0.000298
198,26198,1.27091,0.64184,0.58663,0.7392,0.66554,0.68312,0.3366,0.94826,0.49026,0.41958,0.0007455,0.0002485,0.0007455,0.0002485,0.0007455,0.0002485,0.0007455,0.0002485
199,26325.7,1.20873,0.58558,0.55723,0.74597,0.66554,0.68405,0.3362,0.94648,0.48966,0.41924,0.000597,0.000199,0.000597,0.000199,0.000597,0.000199,0.000597,0.000199
200,26453.3,1.2451,0.61408,0.57889,0.74319,0.66554,0.6843,0.33848,0.94648,0.48862,0.41917,0.0004485,0.0001495,0.0004485,0.0001495,0.0004485,0.0001495,0.0004485,0.0001495
